{
  "baseline": {
    "feature_names": [
      "x",
      "y",
      "z",
      "vx",
      "vy",
      "vz",
      "dx",
      "dy",
      "dz"
    ],
    "target_names": [
      "vx_cmd",
      "vy_cmd",
      "vz_cmd"
    ],
    "weights": [
      [
        -0.38536036260625756,
        0.007934716569470989,
        6.911061801121246e-06
      ],
      [
        -0.001359037281166778,
        -0.38229234685136876,
        7.25795255697174e-06
      ],
      [
        -0.0005220955797616409,
        0.00020416584627709495,
        1.1590289472418579e-07
      ],
      [
        0.004499737688698368,
        -0.002900612339460157,
        -2.6252180891413102e-06
      ],
      [
        0.00420450127013581,
        -0.002898908380546222,
        -4.196177007179935e-06
      ],
      [
        0.00011483671438652255,
        0.0019755846591857267,
        1.4082820912446397e-06
      ],
      [
        0.3853603626066753,
        -0.007934716569377756,
        -6.911076951128231e-06
      ],
      [
        0.001359037281355489,
        0.38229234685229485,
        -7.257871398469474e-06
      ],
      [
        -0.0005220955828041442,
        0.00020416584595907338,
        1.1619892671356903e-07
      ],
      [
        0.0006646656336171281,
        -0.003913596346288467,
        -0.5159186621488133
      ]
    ]
  },
  "proposed_ontology_ai": {
    "feature_names": [
      "x",
      "y",
      "z",
      "vx",
      "vy",
      "vz",
      "dx",
      "dy",
      "dz",
      "wind_risk",
      "vision_risk",
      "alignment_risk",
      "semantic_risk",
      "semantic_safety"
    ],
    "target_names": [
      "vx_cmd",
      "vy_cmd",
      "vz_cmd"
    ],
    "weights": [
      [
        -0.38536036260629786,
        0.007934716569277002,
        6.911051125392403e-06
      ],
      [
        -0.001359037281167781,
        -0.38229234685164976,
        7.257952554054489e-06
      ],
      [
        -0.0005220955797828261,
        0.00020416584628538101,
        1.1590289496995867e-07
      ],
      [
        0.004499737688698372,
        -0.0029006123394601396,
        -2.6252180882114167e-06
      ],
      [
        0.004204501270135813,
        -0.0028989083805462394,
        -4.196177006601697e-06
      ],
      [
        0.00011483671438651816,
        0.001975584659185714,
        1.4082820901475796e-06
      ],
      [
        0.385360362606635,
        -0.007934716569571586,
        -6.911087608227951e-06
      ],
      [
        0.0013590372813545007,
        0.38229234685201374,
        -7.257871395644725e-06
      ],
      [
        -0.0005220955827829572,
        0.00020416584595079053,
        1.1619892693924674e-07
      ],
      [
        0.0,
        0.0,
        0.0
      ],
      [
        0.0,
        0.0,
        0.0
      ],
      [
        0.0,
        0.0,
        0.0
      ],
      [
        0.0,
        0.0,
        0.0
      ],
      [
        -8.292646317245714e-14,
        -1.805395498229791e-13,
        -1.0632633910448684e-11
      ],
      [
        0.0006646656336585864,
        -0.003913596346198207,
        -0.5159186621434982
      ]
    ]
  }
}