model,rmse,mae
pure_ai_baseline,0.0017710113830759473,0.0008785266739678362
ontology_ai_proposed,0.0017710113830759478,0.0008785266739678409
